{
  "quiz": {
    "title": "Descubra Sua Solução para Barriga Estufada",
    "description": "Quiz personalizado para identificar seu perfil e criar um plano específico",
    "questions": [
      {
        "id": 1,
        "question": "Qual seu peso atualmente?",
        "type": "slider",
        "style": "weight",
        "required": true,
        "options": {
          "min": 40,
          "max": 150,
          "default": 70,
          "unit": "kg",
          "step": 1
        }
      },
      {
        "id": 2,
        "question": "Há quanto tempo você luta contra a barriga estufada?",
        "type": "single",
        "style": "gradient",
        "required": true,
        "options": [
          {
            "text": "Menos de 6 meses",
            "emoji": "😐",
            "gradient": "gradient-blue"
          },
          {
            "text": "Entre 6 meses e 1 ano",
            "emoji": "😕",
            "gradient": "gradient-green"
          },
          {
            "text": "Entre 1 e 2 anos",
            "emoji": "😟",
            "gradient": "gradient-purple"
          },
          {
            "text": "Mais de 2 anos",
            "emoji": "😢",
            "gradient": "gradient-pink"
          }
        ]
      },
      {
        "id": 3,
        "question": "Quantas gestações você já teve?",
        "type": "single",
        "style": "gradient",
        "required": true,
        "options": [
          {
            "text": "Uma gestação",
            "emoji": "🤱",
            "gradient": "gradient-pink"
          },
          {
            "text": "Duas gestações",
            "emoji": "🤱",
            "gradient": "gradient-purple"
          },
          {
            "text": "Três ou mais gestações",
            "emoji": "🤱",
            "gradient": "gradient-blue"
          },
          {
            "text": "Nunca engravidei",
            "emoji": "❌",
            "special": "special-pink"
          }
        ]
      },
      {
        "id": 4,
        "question": "Se você já teve algum dos sintomas abaixo selecione:",
        "subtitle": "Continue sendo sincera...",
        "type": "multiple",
        "style": "checkbox",
        "required": true,
        "options": [
          {
            "text": "Me sinto cansada...",
            "emoji": "😰"
          },
          {
            "text": "Falta de ar...",
            "emoji": "🤒"
          },
          {
            "text": "Dor nas articulações...",
            "emoji": "🤕"
          },
          {
            "text": "Pressão elevada...",
            "emoji": "😤"
          },
          {
            "text": "Problema com o sono...",
            "emoji": "😴"
          },
          {
            "text": "Baixa autoestima",
            "emoji": "😔"
          }
        ]
      },
      {
        "id": 5,
        "question": "Qual é sua idade?",
        "type": "single",
        "style": "default",
        "required": true,
        "options": [
          {
            "text": "18-25 anos",
            "emoji": "🌟"
          },
          {
            "text": "26-35 anos",
            "emoji": "✨"
          },
          {
            "text": "36-45 anos",
            "emoji": "💫"
          },
          {
            "text": "Acima de 45 anos",
            "emoji": "🌙"
          }
        ]
      },
      {
        "id": 6,
        "question": "Quanto você gostaria de perder?",
        "type": "single",
        "style": "default",
        "required": true,
        "options": [
          {
            "text": "5-10 kg",
            "emoji": "🎯"
          },
          {
            "text": "10-20 kg",
            "emoji": "💪"
          },
          {
            "text": "20-30 kg",
            "emoji": "🔥"
          },
          {
            "text": "Mais de 30 kg",
            "emoji": "🚀"
          }
        ]
      },
      {
        "id": 7,
        "question": "Você está contente com seu peso atual?",
        "type": "single",
        "style": "default",
        "required": true,
        "options": [
          {
            "text": "Infelizmente não",
            "emoji": "😢"
          },
          {
            "text": "Sinto vergonha",
            "emoji": "😳"
          },
          {
            "text": "Não tenho palavras",
            "emoji": "😶"
          },
          {
            "text": "Sim, adoro meu corpo",
            "emoji": "😍"
          }
        ]
      }
    ]
  },
  "product": {
    "active": true,
    "title": "Seu Método Personalizado",
    "subtitle": "Com base nas suas respostas, criamos um método 100% personalizado para eliminar sua barriga estufada de forma natural e definitiva.",
    "price": {
      "original": 297,
      "current": 97,
      "discount": 67,
      "installments": {
        "count": 3,
        "value": 32.33
      }
    },
    "checkout": {
      "platform": "monetizze",
      "url": "https://go.monetizze.com.br/PRODUTO_ID",
      "buttonText": "🚀 SIM, QUERO TRANSFORMAR MEU CORPO AGORA!"
    },
    "guarantee": {
      "days": 30,
      "title": "GARANTIA INCONDICIONAL DE 30 DIAS",
      "description": "Se em 30 dias você não ver resultados ou não ficar satisfeita, devolvemos 100% do seu dinheiro. Sem perguntas, sem burocracia."
    },
    "countdown": {
      "enabled": true,
      "hours": 2
    },
    "modules": [
      {
        "id": 1,
        "title": "📚 Módulo 1: Diagnóstico Completo",
        "items": [
          "Análise do seu tipo de barriga estufada",
          "Identificação das causas específicas",
          "Plano personalizado baseado no seu perfil",
          "Cronograma de 30 dias detalhado"
        ]
      },
      {
        "id": 2,
        "title": "🥗 Módulo 2: Alimentação Estratégica",
        "items": [
          "Cardápio anti-inflamatório personalizado",
          "Receitas fáceis para desinchar",
          "Lista de compras organizada",
          "Substitutos inteligentes para seus sintomas"
        ]
      },
      {
        "id": 3,
        "title": "💊 Módulo 3: Suplementação Natural",
        "items": [
          "Protocolo de suplementos naturais",
          "Chás e infusões termogênicas",
          "Timing correto para cada suplemento",
          "Onde comprar com melhor preço"
        ]
      },
      {
        "id": 4,
        "title": "🏃‍♀️ Módulo 4: Ativação Metabólica",
        "items": [
          "Exercícios específicos para sua idade",
          "Rotina de 15 minutos diários",
          "Técnicas de respiração para desinchar",
          "Atividades para gestantes/pós-parto"
        ]
      }
    ],
    "bonuses": [
      {
        "id": 1,
        "title": "🍵 BÔNUS 1",
        "subtitle": "Receitas Detox Personalizadas",
        "description": "15 receitas baseadas nos seus sintomas específicos",
        "value": 67
      },
      {
        "id": 2,
        "title": "📱 BÔNUS 2",
        "subtitle": "App de Acompanhamento",
        "description": "Acesso ao aplicativo para monitorar progresso",
        "value": 67
      },
      {
        "id": 3,
        "title": "👥 BÔNUS 3",
        "subtitle": "Grupo VIP no WhatsApp",
        "description": "Suporte direto e comunidade de apoio",
        "value": 63
      }
    ],
    "benefits": [
      {
        "icon": "🔥",
        "title": "Acelerar seu metabolismo",
        "subtitle": "Baseado no seu perfil metabólico identificado"
      },
      {
        "icon": "🌿",
        "title": "Reduzir inflamação",
        "subtitle": "Protocolo anti-inflamatório personalizado"
      },
      {
        "icon": "⚡",
        "title": "Aumentar energia",
        "subtitle": "Alimentos e timing corretos para você"
      },
      {
        "icon": "🎯",
        "title": "Resultados em 30 dias",
        "subtitle": "Cronograma específico para seu perfil"
      }
    ],
    "faq": [
      {
        "question": "Funciona mesmo para mim?",
        "answer": "Sim! O método é adaptado para diferentes perfis e idades. Com base no seu quiz, você recebe orientações específicas para seu tipo de corpo e estilo de vida."
      },
      {
        "question": "É seguro para gestantes?",
        "answer": "Temos versões adaptadas para gestantes e lactantes, sempre respeitando cada fase da mulher. Sempre consulte seu médico antes de iniciar."
      },
      {
        "question": "Quanto tempo para ver resultados?",
        "answer": "A maioria das mulheres nota diferença na primeira semana. Resultados visíveis aparecem em 15-21 dias seguindo o protocolo corretamente."
      },
      {
        "question": "Quando vou ter acesso?",
        "answer": "Imediatamente após a confirmação do pagamento, você recebe os dados de acesso no seu e-mail cadastrado."
      },
      {
        "question": "Posso parcelar o pagamento?",
        "answer": "Sim! Você pode parcelar em até 3x sem juros no cartão de crédito, ou pagar à vista com desconto."
      }
    ]
  }
}
